{
  "BC_initial_step": 0,
  "actor_lr": 0.0001,
  "actor_mlp_hidden_size": 256,
  "alpha_lr": 3e-05,
  "best_env_nums": 5,
  "beta": 0.05,
  "critic_lr": 0.0003,
  "critic_mlp_hidden_size": 256,
  "critic_update_pre_step": 2,
  "domain": "hopper",
  "env": "hopper-medium-expert-v2",
  "env_lr": 0.001,
  "env_mlp_hidden_size": 200,
  "env_mlp_layer_number": 4,
  "env_nums": 7,
  "env_path": "env",
  "fake_batch_size": 256,
  "log_alpha": 0.0,
  "max_epochs_since_update": 30,
  "max_logstd": 0.25,
  "min_logstd": -5,
  "model_batch_size": 256,
  "model_epoch": 15000.0,
  "model_replay_buffer_capacity": 10000,
  "offline_batch_size": 256,
  "random_action_num": 10,
  "reward_path": "reward-beta.05-seed1",
  "rl_path": "rl-beta.05-roll10-seed1",
  "rl_step": 1000000.0,
  "roll_out_length": 10,
  "save_path": "hopper-m-e",
  "seed": 1,
  "soft_tau": 0.005,
  "state_path": "state-seed1",
  "train_reward": true,
  "train_rl": true,
  "train_state": true,
  "valid_size": 0.01
}